title,sku
"Bach Rescue Remedy Natural Stress Relief For Pets 20ml","741273015314"
"Flower Essence Services Chocolate Lily Dropper 1oz - FS0365","782932112517"
"Kan Herb MycoHerb Tri-Forte 200 Capsules","700310459313"
"Nature's Way Echinacea Astragalus & Reishi, Immune Support*, 100 Capsules","033674004135"
"Nature's Way Premium Extract DGL Ultra 75 mg per serving 90 Chewables German Chocolate Flavor","763948091010"
"Nature's Way Vitamin B-6, 50 mg per serving","033674404317"
"NeoCell Super Collagen Peptides, 10g Collagen Peptides per Serving, Gluten Free, Keto Friendly, Non-GMO, Grass Fed, Healthy Hair, Skin, Nails and Joints, Unflavored Powder, 7 oz., 1 Canister","016185019867"
"Now Foods EGCg Green Tea Extract 400 mg 90 Vcaps - 4704","733739047045"
"Now Foods Vitamin A 10,000 IU 100 Softgels - 0330","733739003300"
"Now Lavender Oil 1oz","733739075604"
"Now Solutions Ultrasonic Essential Oil Diffuser - 7512","733739075123"
"Vital Nutrients Detox Formula 120 Vcaps","693465255216"
